Source,Title,Company,Date,City,Country,Matching,Poster
Trabajo.org,Software Engineer,Foodics,2022-11-22,Amman,Jordan,16,https://www.bayt.com/en/jordan/jobs/software-developer-66474626/?utm_campaign=google_jobs_apply&utm_source=google_jobs_apply&utm_medium=organic
Bayt.com,Front End Software Developer,UtilNet,2022-11-23,Amman,Jordan,16,https://jo.trabajo.org/job-1800-20221122-c5745905c39045c3bea3e3a7246892f7?utm_campaign=google_jobs_apply&utm_source=google_jobs_apply&utm_medium=organic
BeBee,Corporate Software Engineer,Hireejobsgulf,2022-11-21,Amman,Jordan,16,https://www.bayt.com/en/jordan/jobs/front-end-software-developer-4591818/?utm_campaign=google_jobs_apply&utm_source=google_jobs_apply&utm_medium=organic
KalaTechs,Software Development,dtec,2022-11-23,Amman,Jordan,16,https://jo.trabajo.org/job-1800-20221122-e23168eb7d7eddabee447af38b464419?utm_campaign=google_jobs_apply&utm_source=google_jobs_apply&utm_medium=organic
Bayt,Service Desk Officer,United Nations Relief and Works Agency for Palestine Refugees in the Near East - Jordan,2022-11-23,Amman, Jordan,16,https://www.bayt.com/en/JORDAN/jobs/software-developer-jobs/?options%5Bsort%5D%5B%5D=d&jobId=4627417
Bayt,JavaScript Engineer,Avertra,2022-11-22,Amman, Jordan,66,https://www.bayt.com/en/JORDAN/jobs/software-developer-jobs/?options%5Bsort%5D%5B%5D=d&jobId=4627321
Bayt,"Principal Software Engineer - health tech, serverless cloud architecture,etc.",Vytalize Health,2022-11-22,Amman, Jordan,16,https://www.bayt.com/en/JORDAN/jobs/software-developer-jobs/?options%5Bsort%5D%5B%5D=d&jobId=67122956
Bayt,Sr. Business Intelligence Dashboard Developer,Vytalize Health,2022-11-21,Amman, Jordan,16,https://www.bayt.com/en/JORDAN/jobs/software-developer-jobs/?options%5Bsort%5D%5B%5D=d&jobId=67115907
Bayt,Principal Technical Product Manager,Vytalize Health,2022-11-21,Amman, Jordan,16,https://www.bayt.com/en/JORDAN/jobs/software-developer-jobs/?options%5Bsort%5D%5B%5D=d&jobId=67115916
LinkedIn,Software Engineer - Full Stack,Majid Al Futtaim,2022-11-22,Amman,JORDAN,83,https://jo.linkedin.com/jobs/view/software-engineer-full-stack-at-majid-al-futtaim-3366451098?refId=fJrBopCDxtU7oc1qINaD3w%3D%3D&trackingId=ZV86Vs%2Bj1Q%2BVwz1MjLD41Q%3D%3D&position=1&pageNum=0&trk=public_jobs_jserp-result_search-card
LinkedIn,Software Developer,INCUBE FZCO,2022-11-23,Amman,JORDAN,16,https://jo.linkedin.com/jobs/view/software-developer-at-incube-fzco-3368383300?refId=fJrBopCDxtU7oc1qINaD3w%3D%3D&trackingId=tpHuj47Sz8kjzZVx%2FLUr5w%3D%3D&position=2&pageNum=0&trk=public_jobs_jserp-result_search-card
LinkedIn,Junior Python Developer (Remote Internship),Brainnest,2022-11-21,Amman,JORDAN,16,https://jo.linkedin.com/jobs/view/junior-python-developer-remote-internship-at-brainnest-3362841680?refId=fJrBopCDxtU7oc1qINaD3w%3D%3D&trackingId=TEDw8KIOxvHeM0EPOO%2BBuA%3D%3D&position=5&pageNum=0&trk=public_jobs_jserp-result_search-card
LinkedIn,"GRADUATE SOFTWARE ENGINEER - Dubai, UAE",Cobblestone Energy,2022-11-18,Amman,JORDAN,33,https://jo.linkedin.com/jobs/view/graduate-software-engineer-dubai-uae-at-cobblestone-energy-3365668508?refId=fJrBopCDxtU7oc1qINaD3w%3D%3D&trackingId=2Hs6qcUgUCzP0SQ3mazJqA%3D%3D&position=6&pageNum=0&trk=public_jobs_jserp-result_search-card
LinkedIn,Intern/Junior Frontend Developer (Remote Frontend Development Internship),Brainnest,2022-11-22,Amman,JORDAN,16,https://jo.linkedin.com/jobs/view/intern-junior-frontend-developer-remote-frontend-development-internship-at-brainnest-3363448058?refId=fJrBopCDxtU7oc1qINaD3w%3D%3D&trackingId=Alu5SDni84MgwF%2BsBlARkQ%3D%3D&position=7&pageNum=0&trk=public_jobs_jserp-result_search-card
LinkedIn,Data Engineer,Syarah,2022-11-22,Amman,JORDAN,33,https://jo.linkedin.com/jobs/view/data-engineer-at-%D8%B3%D9%8A%D8%A7%D8%B1%D8%A9-3370797062?refId=fJrBopCDxtU7oc1qINaD3w%3D%3D&trackingId=Eqz9OsLXZBrFS29Clesx8Q%3D%3D&position=8&pageNum=0&trk=public_jobs_jserp-result_search-card
LinkedIn,Web Developer,DSTeck,2022-11-22,Amman,JORDAN,50,https://jo.linkedin.com/jobs/view/web-developer-at-dsteck-3370283438?refId=fJrBopCDxtU7oc1qINaD3w%3D%3D&trackingId=r3Uz6GP8sxOmLyH0dTllaw%3D%3D&position=9&pageNum=0&trk=public_jobs_jserp-result_search-card
LinkedIn,API Developer Expert,Orange Jordan,2022-11-21,Amman,JORDAN,50,https://jo.linkedin.com/jobs/view/api-developer-expert-at-orange-jordan-3364185046?refId=fJrBopCDxtU7oc1qINaD3w%3D%3D&trackingId=uljW9nO%2FA%2F0Ylp6r9XZfZQ%3D%3D&position=10&pageNum=0&trk=public_jobs_jserp-result_search-card
LinkedIn,Senior Software Engineer,Shepherd Technologies,2022-11-22,Amman,JORDAN,16,https://jo.linkedin.com/jobs/view/senior-software-engineer-at-shepherd-technologies-3370336337?refId=fJrBopCDxtU7oc1qINaD3w%3D%3D&trackingId=tdHLOuL%2BnLau943iPmNEcg%3D%3D&position=11&pageNum=0&trk=public_jobs_jserp-result_search-card
LinkedIn,JavaScript Engineer,Avertra Corp,2022-11-22,Amman,JORDAN,66,https://jo.linkedin.com/jobs/view/javascript-engineer-at-avertra-corp-3362528292?refId=fJrBopCDxtU7oc1qINaD3w%3D%3D&trackingId=G8VMIMPmEDkDMwqR9ibsjA%3D%3D&position=12&pageNum=0&trk=public_jobs_jserp-result_search-card
LinkedIn,"DEVELOPER, FULL STACK - Amman - Jordan",Alfanar Construction,2022-11-22,Amman,JORDAN,83,https://jo.linkedin.com/jobs/view/developer-full-stack-amman-jordan-at-alfanar-construction-3365159728?refId=fJrBopCDxtU7oc1qINaD3w%3D%3D&trackingId=zm0gKg%2FnHoIIkfltEiAxzw%3D%3D&position=13&pageNum=0&trk=public_jobs_jserp-result_search-card
LinkedIn,Back End Developer,Next Stage Software & Marketing Solution,2022-11-22,Amman,JORDAN,16,https://jo.linkedin.com/jobs/view/back-end-developer-at-next-stage-software-marketing-solution-3370247969?refId=fJrBopCDxtU7oc1qINaD3w%3D%3D&trackingId=kRgTaG8rkjtgCP6ULGYGTw%3D%3D&position=14&pageNum=0&trk=public_jobs_jserp-result_search-card
LinkedIn,Back End Developer,Next Stage Software & Marketing Solution,2022-11-22,Amman,JORDAN,16,https://jo.linkedin.com/jobs/view/back-end-developer-at-next-stage-software-marketing-solution-3366701703?refId=fJrBopCDxtU7oc1qINaD3w%3D%3D&trackingId=5%2FlfJfoo%2F2%2FOU7Hr26SuyQ%3D%3D&position=15&pageNum=0&trk=public_jobs_jserp-result_search-card
LinkedIn,SW Engineer in Test,Netcompany-Intrasoft,2022-11-21,Amman,JORDAN,16,https://jo.linkedin.com/jobs/view/sw-engineer-in-test-at-netcompany-intrasoft-3241005382?refId=fJrBopCDxtU7oc1qINaD3w%3D%3D&trackingId=rbuwVOZl9p2bVQ4BpopqvQ%3D%3D&position=16&pageNum=0&trk=public_jobs_jserp-result_search-card
LinkedIn,Lead Software Engineer,Vytalize Health,2022-11-18,Amman,JORDAN,33,https://jo.linkedin.com/jobs/view/lead-software-engineer-at-vytalize-health-3360950562?refId=fJrBopCDxtU7oc1qINaD3w%3D%3D&trackingId=r7I85vUnTlyv%2FgMqWEKkvw%3D%3D&position=18&pageNum=0&trk=public_jobs_jserp-result_search-card
LinkedIn,"Sr. Engineer, IT Datacenter & Cloud",Hikma Pharmaceuticals,2022-11-22,Amman,JORDAN,16,https://jo.linkedin.com/jobs/view/sr-engineer-it-datacenter-cloud-at-hikma-pharmaceuticals-3365618384?refId=fJrBopCDxtU7oc1qINaD3w%3D%3D&trackingId=JBhT3KK2mQ9CHq0VdYk0Uw%3D%3D&position=19&pageNum=0&trk=public_jobs_jserp-result_search-card
LinkedIn,"Software Engineer, Totogi (Remote) - $60,000/year USD",Crossover,2022-11-23,Amman,JORDAN,33,https://jo.linkedin.com/jobs/view/software-engineer-totogi-remote-%2460-000-year-usd-at-crossover-3367088267?refId=fJrBopCDxtU7oc1qINaD3w%3D%3D&trackingId=0E3WwcKgxIHmLUJSnhKskA%3D%3D&position=20&pageNum=0&trk=public_jobs_jserp-result_search-card
LinkedIn,Frontend Developer (ReactJS),Publicis Media,2022-11-17,Amman,JORDAN,66,https://jo.linkedin.com/jobs/view/frontend-developer-reactjs-at-publicis-media-3362518873?refId=fJrBopCDxtU7oc1qINaD3w%3D%3D&trackingId=%2BSlHAdQtltppnMVV%2FCNqjQ%3D%3D&position=21&pageNum=0&trk=public_jobs_jserp-result_search-card
LinkedIn,Wordpress Developer,Sam and Sons Services,2022-11-22,Amman,JORDAN,50,https://jo.linkedin.com/jobs/view/wordpress-developer-at-sam-and-sons-services-3243359385?refId=fJrBopCDxtU7oc1qINaD3w%3D%3D&trackingId=4YjTxHfainGgneM9eswiRA%3D%3D&position=22&pageNum=0&trk=public_jobs_jserp-result_search-card
LinkedIn,"Data Scientist, Totogi (Remote) - $60,000/year USD",Crossover,2022-11-23,Amman,JORDAN,33,https://jo.linkedin.com/jobs/view/data-scientist-totogi-remote-%2460-000-year-usd-at-crossover-3367084992?refId=fJrBopCDxtU7oc1qINaD3w%3D%3D&trackingId=bjVjib%2FDIvHisHwmegFYDA%3D%3D&position=23&pageNum=0&trk=public_jobs_jserp-result_search-card
LinkedIn,Android Developer,Alfanar Construction,2022-11-22,Amman,JORDAN,33,https://jo.linkedin.com/jobs/view/android-developer-at-alfanar-construction-3365160589?refId=fJrBopCDxtU7oc1qINaD3w%3D%3D&trackingId=G%2F8kVxeUprir9%2FjtRrVxyg%3D%3D&position=24&pageNum=0&trk=public_jobs_jserp-result_search-card
LinkedIn,"Software Developer, Public Accountability and Justice Strengthening Activity",Tetra Tech,2022-11-22,Amman,JORDAN,66,https://jo.linkedin.com/jobs/view/software-developer-public-accountability-and-justice-strengthening-activity-at-tetra-tech-3366406272?refId=fJrBopCDxtU7oc1qINaD3w%3D%3D&trackingId=DYtT2yS0%2FDtE9TcDmW0Xyw%3D%3D&position=25&pageNum=0&trk=public_jobs_jserp-result_search-card
LinkedIn,Software Developer,INCUBE FZCO,2022-11-23,Amman,JORDAN,16,https://jo.linkedin.com/jobs/view/software-developer-at-incube-fzco-3368383300?refId=mg1lFX6Eki%2FX0D5d1F%2BOLA%3D%3D&trackingId=mV0BtF8XjbRRbz7dVAIuRg%3D%3D&position=1&pageNum=0&trk=public_jobs_jserp-result_search-card
LinkedIn,Software Engineer - Full Stack,Majid Al Futtaim,2022-11-22,Amman,JORDAN,83,https://jo.linkedin.com/jobs/view/software-engineer-full-stack-at-majid-al-futtaim-3366451098?refId=mg1lFX6Eki%2FX0D5d1F%2BOLA%3D%3D&trackingId=dg%2FHObowFp69vUYGZLG9cA%3D%3D&position=2&pageNum=0&trk=public_jobs_jserp-result_search-card
LinkedIn,Junior Java Developer,Robotack,2022-11-23,Amman,JORDAN,50,https://jo.linkedin.com/jobs/view/junior-java-developer-at-robotack-3371946688?refId=mg1lFX6Eki%2FX0D5d1F%2BOLA%3D%3D&trackingId=aRBxTBYpLY1AsmH4ObJ9RQ%3D%3D&position=3&pageNum=0&trk=public_jobs_jserp-result_search-card
LinkedIn,Junior Python Developer (Remote Internship),Brainnest,2022-11-21,Amman,JORDAN,16,https://jo.linkedin.com/jobs/view/junior-python-developer-remote-internship-at-brainnest-3362841680?refId=mg1lFX6Eki%2FX0D5d1F%2BOLA%3D%3D&trackingId=UjUT0%2FIGgmDw%2BMEUqct%2Bvg%3D%3D&position=5&pageNum=0&trk=public_jobs_jserp-result_search-card
LinkedIn,Web Developer,Mafateeh IT & Media Solutions,2022-11-22,Amman,JORDAN,50,https://jo.linkedin.com/jobs/view/web-developer-at-mafateeh-it-media-solutions-3365939320?refId=mg1lFX6Eki%2FX0D5d1F%2BOLA%3D%3D&trackingId=ID9OJdGeHrK3tSAVB5HwJA%3D%3D&position=6&pageNum=0&trk=public_jobs_jserp-result_search-card
LinkedIn,Data Engineer,Syarah,2022-11-22,Amman,JORDAN,33,https://jo.linkedin.com/jobs/view/data-engineer-at-%D8%B3%D9%8A%D8%A7%D8%B1%D8%A9-3370797062?refId=mg1lFX6Eki%2FX0D5d1F%2BOLA%3D%3D&trackingId=7z1eHMqBeXMcVVWQlLIc8w%3D%3D&position=7&pageNum=0&trk=public_jobs_jserp-result_search-card
LinkedIn,Web Developer,DSTeck,2022-11-22,Amman,JORDAN,50,https://jo.linkedin.com/jobs/view/web-developer-at-dsteck-3370283438?refId=mg1lFX6Eki%2FX0D5d1F%2BOLA%3D%3D&trackingId=DO4hcTlTI2aSvZVGj3W0Xg%3D%3D&position=8&pageNum=0&trk=public_jobs_jserp-result_search-card
LinkedIn,Back End Developer,Next Stage Software & Marketing Solution,2022-11-22,Amman,JORDAN,16,https://jo.linkedin.com/jobs/view/back-end-developer-at-next-stage-software-marketing-solution-3370247969?refId=mg1lFX6Eki%2FX0D5d1F%2BOLA%3D%3D&trackingId=2U5yB5Lakmdi6XPxh%2FjMUQ%3D%3D&position=9&pageNum=0&trk=public_jobs_jserp-result_search-card
LinkedIn,API Developer Expert,Orange Jordan,2022-11-21,Amman,JORDAN,50,https://jo.linkedin.com/jobs/view/api-developer-expert-at-orange-jordan-3364185046?refId=mg1lFX6Eki%2FX0D5d1F%2BOLA%3D%3D&trackingId=I2ukYS7cq6h2XwWPjHo9iA%3D%3D&position=10&pageNum=0&trk=public_jobs_jserp-result_search-card
LinkedIn,JavaScript Engineer,Avertra Corp,2022-11-22,Amman,JORDAN,66,https://jo.linkedin.com/jobs/view/javascript-engineer-at-avertra-corp-3362528292?refId=mg1lFX6Eki%2FX0D5d1F%2BOLA%3D%3D&trackingId=xaEK50Owrb3beQogET9ZOA%3D%3D&position=11&pageNum=0&trk=public_jobs_jserp-result_search-card
LinkedIn,Senior Software Engineer,Shepherd Technologies,2022-11-22,Amman,JORDAN,16,https://jo.linkedin.com/jobs/view/senior-software-engineer-at-shepherd-technologies-3370336337?refId=mg1lFX6Eki%2FX0D5d1F%2BOLA%3D%3D&trackingId=tYa5Uq6xIZKrEG3eChCuFw%3D%3D&position=12&pageNum=0&trk=public_jobs_jserp-result_search-card
LinkedIn,Back End Developer,Next Stage Software & Marketing Solution,2022-11-22,Amman,JORDAN,16,https://jo.linkedin.com/jobs/view/back-end-developer-at-next-stage-software-marketing-solution-3366701703?refId=mg1lFX6Eki%2FX0D5d1F%2BOLA%3D%3D&trackingId=%2FDhjdsVnB4okW770aB0cuQ%3D%3D&position=13&pageNum=0&trk=public_jobs_jserp-result_search-card
LinkedIn,SW Engineer in Test,Netcompany-Intrasoft,2022-11-21,Amman,JORDAN,16,https://jo.linkedin.com/jobs/view/sw-engineer-in-test-at-netcompany-intrasoft-3241005382?refId=mg1lFX6Eki%2FX0D5d1F%2BOLA%3D%3D&trackingId=6WYyDXlV4%2F9pyyyVVqUZaA%3D%3D&position=14&pageNum=0&trk=public_jobs_jserp-result_search-card
LinkedIn,DevOps Engineer,SGP Technology,2022-11-17,Amman,JORDAN,16,https://jo.linkedin.com/jobs/view/devops-engineer-at-sgp-technology-3358838091?refId=mg1lFX6Eki%2FX0D5d1F%2BOLA%3D%3D&trackingId=mZWHoZJyq9Ghzpbin9VMaw%3D%3D&position=15&pageNum=0&trk=public_jobs_jserp-result_search-card
LinkedIn,Intern/Junior Frontend Developer (Remote Frontend Development Internship),Brainnest,2022-11-22,Amman,JORDAN,16,https://jo.linkedin.com/jobs/view/intern-junior-frontend-developer-remote-frontend-development-internship-at-brainnest-3363448058?refId=mg1lFX6Eki%2FX0D5d1F%2BOLA%3D%3D&trackingId=kFHWUzal08aILdqVQcaebw%3D%3D&position=16&pageNum=0&trk=public_jobs_jserp-result_search-card
LinkedIn,Wordpress Developer,Sam and Sons Services,2022-11-22,Amman,JORDAN,50,https://jo.linkedin.com/jobs/view/wordpress-developer-at-sam-and-sons-services-3243359385?refId=mg1lFX6Eki%2FX0D5d1F%2BOLA%3D%3D&trackingId=p%2BJ1CzIVieFZotmzHX5hmA%3D%3D&position=17&pageNum=0&trk=public_jobs_jserp-result_search-card
LinkedIn,Senior ReactJS Developer,NADSOFT,2022-11-22,Amman,JORDAN,66,https://jo.linkedin.com/jobs/view/senior-reactjs-developer-at-nadsoft-3365162158?refId=mg1lFX6Eki%2FX0D5d1F%2BOLA%3D%3D&trackingId=ojs%2BdcetA8BvjAm0zQAj0w%3D%3D&position=18&pageNum=0&trk=public_jobs_jserp-result_search-card
LinkedIn,"Software Engineer, Totogi (Remote) - $60,000/year USD",Crossover,2022-11-23,Amman,JORDAN,33,https://jo.linkedin.com/jobs/view/software-engineer-totogi-remote-%2460-000-year-usd-at-crossover-3367088267?refId=mg1lFX6Eki%2FX0D5d1F%2BOLA%3D%3D&trackingId=nBQ%2B6G4ZVDdQFaNGeeC5TQ%3D%3D&position=19&pageNum=0&trk=public_jobs_jserp-result_search-card
LinkedIn,Frontend Developer (ReactJS),Publicis Media,2022-11-17,Amman,JORDAN,66,https://jo.linkedin.com/jobs/view/frontend-developer-reactjs-at-publicis-media-3362518873?refId=mg1lFX6Eki%2FX0D5d1F%2BOLA%3D%3D&trackingId=lOHJK0veYBrBK7nKPEqwxA%3D%3D&position=20&pageNum=0&trk=public_jobs_jserp-result_search-card
LinkedIn,"Data Scientist, Totogi (Remote) - $60,000/year USD",Crossover,2022-11-23,Amman,JORDAN,33,https://jo.linkedin.com/jobs/view/data-scientist-totogi-remote-%2460-000-year-usd-at-crossover-3367084992?refId=mg1lFX6Eki%2FX0D5d1F%2BOLA%3D%3D&trackingId=WR0BauoOEOSRVz%2BzqWGD5Q%3D%3D&position=21&pageNum=0&trk=public_jobs_jserp-result_search-card
LinkedIn,"Sr. Engineer, IT Datacenter & Cloud",Hikma Pharmaceuticals,2022-11-22,Amman,JORDAN,16,https://jo.linkedin.com/jobs/view/sr-engineer-it-datacenter-cloud-at-hikma-pharmaceuticals-3365618384?refId=mg1lFX6Eki%2FX0D5d1F%2BOLA%3D%3D&trackingId=LRv7R9wCTVwjBYI5XwU2Kw%3D%3D&position=22&pageNum=0&trk=public_jobs_jserp-result_search-card
LinkedIn,Lead Software Engineer,Vytalize Health,2022-11-18,Amman,JORDAN,33,https://jo.linkedin.com/jobs/view/lead-software-engineer-at-vytalize-health-3360950562?refId=mg1lFX6Eki%2FX0D5d1F%2BOLA%3D%3D&trackingId=zG0Jt4DGl7deKqpEYM7iKQ%3D%3D&position=23&pageNum=0&trk=public_jobs_jserp-result_search-card
LinkedIn,"DEVELOPER, FULL STACK - Amman - Jordan",Alfanar Construction,2022-11-22,Amman,JORDAN,83,https://jo.linkedin.com/jobs/view/developer-full-stack-amman-jordan-at-alfanar-construction-3365159728?refId=mg1lFX6Eki%2FX0D5d1F%2BOLA%3D%3D&trackingId=gEH4mBPqH2Yh3TvbYAXcjQ%3D%3D&position=24&pageNum=0&trk=public_jobs_jserp-result_search-card
LinkedIn,"Software Developer, Public Accountability and Justice Strengthening Activity",Tetra Tech,2022-11-22,Amman,JORDAN,66,https://jo.linkedin.com/jobs/view/software-developer-public-accountability-and-justice-strengthening-activity-at-tetra-tech-3366406272?refId=mg1lFX6Eki%2FX0D5d1F%2BOLA%3D%3D&trackingId=RVkuuspLLHXpBXxJszWRGg%3D%3D&position=25&pageNum=0&trk=public_jobs_jserp-result_search-card
Bayt.com,Front End Software Developer,UtilNet,2022-11-23,Amman,Jordan,20,https://jo.trabajo.org/job-1800-20221122-c5745905c39045c3bea3e3a7246892f7?utm_campaign=google_jobs_apply&utm_source=google_jobs_apply&utm_medium=organic
BeBee,Corporate Software Engineer,Hireejobsgulf,2022-11-21,Amman,Jordan,20,https://www.bayt.com/en/jordan/jobs/front-end-software-developer-4591818/?utm_campaign=google_jobs_apply&utm_source=google_jobs_apply&utm_medium=organic
Bayt,JavaScript Engineer,Avertra,2022-11-22,Amman, Jordan,80,https://www.bayt.com/en/JORDAN/jobs/software-developer-jobs/?options%5Bsort%5D%5B%5D=d&jobId=4627321
LinkedIn,Software Engineer - Full Stack,Majid Al Futtaim,2022-11-22,Amman,JORDAN,80,https://jo.linkedin.com/jobs/view/software-engineer-full-stack-at-majid-al-futtaim-3366451098?refId=aeIPAb41JjSI%2Fv%2BFlYnLDQ%3D%3D&trackingId=77i5atQELBzWNKa0vIaeEA%3D%3D&position=1&pageNum=0&trk=public_jobs_jserp-result_search-card
LinkedIn,Software Developer,INCUBE FZCO,2022-11-23,Amman,JORDAN,20,https://jo.linkedin.com/jobs/view/software-developer-at-incube-fzco-3368383300?refId=aeIPAb41JjSI%2Fv%2BFlYnLDQ%3D%3D&trackingId=koeltCBG2arlCn83NkYr0Q%3D%3D&position=2&pageNum=0&trk=public_jobs_jserp-result_search-card
LinkedIn,Junior Python Developer (Remote Internship),Brainnest,2022-11-21,Amman,JORDAN,20,https://jo.linkedin.com/jobs/view/junior-python-developer-remote-internship-at-brainnest-3362841680?refId=aeIPAb41JjSI%2Fv%2BFlYnLDQ%3D%3D&trackingId=0hvOb%2BbyzISfiC6473PZoA%3D%3D&position=3&pageNum=0&trk=public_jobs_jserp-result_search-card
LinkedIn,Web Developer,Mafateeh IT & Media Solutions,2022-11-22,Amman,JORDAN,60,https://jo.linkedin.com/jobs/view/web-developer-at-mafateeh-it-media-solutions-3365939320?refId=aeIPAb41JjSI%2Fv%2BFlYnLDQ%3D%3D&trackingId=OTqIG2hHXGjOh4HXlWmFsQ%3D%3D&position=4&pageNum=0&trk=public_jobs_jserp-result_search-card
LinkedIn,"GRADUATE SOFTWARE ENGINEER - Dubai, UAE",Cobblestone Energy,2022-11-17,Amman,JORDAN,40,https://jo.linkedin.com/jobs/view/graduate-software-engineer-dubai-uae-at-cobblestone-energy-3365668508?refId=aeIPAb41JjSI%2Fv%2BFlYnLDQ%3D%3D&trackingId=TtHEQQVdQGvc%2BO7W73J3fA%3D%3D&position=5&pageNum=0&trk=public_jobs_jserp-result_search-card
LinkedIn,Intern/Junior Frontend Developer (Remote Frontend Development Internship),Brainnest,2022-11-22,Amman,JORDAN,20,https://jo.linkedin.com/jobs/view/intern-junior-frontend-developer-remote-frontend-development-internship-at-brainnest-3363448058?refId=aeIPAb41JjSI%2Fv%2BFlYnLDQ%3D%3D&trackingId=jMNAsrh9tyDvr5jikBDx%2FA%3D%3D&position=6&pageNum=0&trk=public_jobs_jserp-result_search-card
LinkedIn,Data Engineer,Syarah,2022-11-22,Amman,JORDAN,20,https://jo.linkedin.com/jobs/view/data-engineer-at-%D8%B3%D9%8A%D8%A7%D8%B1%D8%A9-3370797062?refId=aeIPAb41JjSI%2Fv%2BFlYnLDQ%3D%3D&trackingId=P%2F8NE%2FTZ2mEsaNj9T6FP0g%3D%3D&position=7&pageNum=0&trk=public_jobs_jserp-result_search-card
LinkedIn,Web Developer,DSTeck,2022-11-22,Amman,JORDAN,60,https://jo.linkedin.com/jobs/view/web-developer-at-dsteck-3370283438?refId=aeIPAb41JjSI%2Fv%2BFlYnLDQ%3D%3D&trackingId=PnvqywsHEyFferZfhtbA6A%3D%3D&position=8&pageNum=0&trk=public_jobs_jserp-result_search-card
LinkedIn,Senior Software Engineer,Shepherd Technologies,2022-11-22,Amman,JORDAN,20,https://jo.linkedin.com/jobs/view/senior-software-engineer-at-shepherd-technologies-3370336337?refId=aeIPAb41JjSI%2Fv%2BFlYnLDQ%3D%3D&trackingId=OZhl5LTXU2NfNw9fAmVmyA%3D%3D&position=9&pageNum=0&trk=public_jobs_jserp-result_search-card
LinkedIn,API Developer Expert,Orange Jordan,2022-11-21,Amman,JORDAN,40,https://jo.linkedin.com/jobs/view/api-developer-expert-at-orange-jordan-3364185046?refId=aeIPAb41JjSI%2Fv%2BFlYnLDQ%3D%3D&trackingId=QlU6znCuXoLdaDRSx2fN%2BQ%3D%3D&position=10&pageNum=0&trk=public_jobs_jserp-result_search-card
LinkedIn,JavaScript Engineer,Avertra Corp,2022-11-22,Amman,JORDAN,80,https://jo.linkedin.com/jobs/view/javascript-engineer-at-avertra-corp-3362528292?refId=aeIPAb41JjSI%2Fv%2BFlYnLDQ%3D%3D&trackingId=HEPqkKGFCspazglV%2FQSSPA%3D%3D&position=11&pageNum=0&trk=public_jobs_jserp-result_search-card
LinkedIn,"DEVELOPER, FULL STACK - Amman - Jordan",Alfanar Construction,2022-11-21,Amman,JORDAN,80,https://jo.linkedin.com/jobs/view/developer-full-stack-amman-jordan-at-alfanar-construction-3365159728?refId=aeIPAb41JjSI%2Fv%2BFlYnLDQ%3D%3D&trackingId=EVMA%2B%2BT6BPfizGa4KLh46A%3D%3D&position=12&pageNum=0&trk=public_jobs_jserp-result_search-card
LinkedIn,Back End Developer,Next Stage Software & Marketing Solution,2022-11-22,Amman,JORDAN,20,https://jo.linkedin.com/jobs/view/back-end-developer-at-next-stage-software-marketing-solution-3370247969?refId=aeIPAb41JjSI%2Fv%2BFlYnLDQ%3D%3D&trackingId=i8SrG4y9EcttmFiEfr2dNg%3D%3D&position=13&pageNum=0&trk=public_jobs_jserp-result_search-card
LinkedIn,Frontend Developer (ReactJS),Publicis Media,2022-11-16,Amman,JORDAN,80,https://jo.linkedin.com/jobs/view/frontend-developer-reactjs-at-publicis-media-3362518873?refId=aeIPAb41JjSI%2Fv%2BFlYnLDQ%3D%3D&trackingId=au8DVV5WHRw9Cbtrie19gQ%3D%3D&position=14&pageNum=0&trk=public_jobs_jserp-result_search-card
LinkedIn,Back End Developer,Next Stage Software & Marketing Solution,2022-11-22,Amman,JORDAN,20,https://jo.linkedin.com/jobs/view/back-end-developer-at-next-stage-software-marketing-solution-3366701703?refId=aeIPAb41JjSI%2Fv%2BFlYnLDQ%3D%3D&trackingId=BKF02wJUfWcKtMmNlVlhTA%3D%3D&position=15&pageNum=0&trk=public_jobs_jserp-result_search-card
LinkedIn,SW Engineer in Test,Netcompany-Intrasoft,2022-11-20,Amman,JORDAN,20,https://jo.linkedin.com/jobs/view/sw-engineer-in-test-at-netcompany-intrasoft-3241005382?refId=aeIPAb41JjSI%2Fv%2BFlYnLDQ%3D%3D&trackingId=0KA2J2ekCR6Zfr3xzhB7CA%3D%3D&position=16&pageNum=0&trk=public_jobs_jserp-result_search-card
LinkedIn,DevOps Engineer,SGP Technology,2022-11-17,Amman,JORDAN,20,https://jo.linkedin.com/jobs/view/devops-engineer-at-sgp-technology-3358838091?refId=aeIPAb41JjSI%2Fv%2BFlYnLDQ%3D%3D&trackingId=kaoc2FdqH6j1eTH0MVLi0A%3D%3D&position=17&pageNum=0&trk=public_jobs_jserp-result_search-card
LinkedIn,Lead Software Engineer,Vytalize Health,2022-11-18,Amman,JORDAN,20,https://jo.linkedin.com/jobs/view/lead-software-engineer-at-vytalize-health-3360950562?refId=aeIPAb41JjSI%2Fv%2BFlYnLDQ%3D%3D&trackingId=U4A6qxJH1QLgtWogcrQvFQ%3D%3D&position=18&pageNum=0&trk=public_jobs_jserp-result_search-card
LinkedIn,"Software Engineer, Totogi (Remote) - $60,000/year USD",Crossover,2022-11-23,Amman,JORDAN,20,https://jo.linkedin.com/jobs/view/software-engineer-totogi-remote-%2460-000-year-usd-at-crossover-3367088267?refId=aeIPAb41JjSI%2Fv%2BFlYnLDQ%3D%3D&trackingId=EZ9v2jwSDbsARyMQcASszg%3D%3D&position=19&pageNum=0&trk=public_jobs_jserp-result_search-card
LinkedIn,"Sr. Engineer, IT Datacenter & Cloud",Hikma Pharmaceuticals,2022-11-22,Amman,JORDAN,20,https://jo.linkedin.com/jobs/view/sr-engineer-it-datacenter-cloud-at-hikma-pharmaceuticals-3365618384?refId=aeIPAb41JjSI%2Fv%2BFlYnLDQ%3D%3D&trackingId=Mw6yJNRg2GcIP4iBJAiI0g%3D%3D&position=20&pageNum=0&trk=public_jobs_jserp-result_search-card
LinkedIn,Laravel Developer,Recovery,2022-11-23,Amman,JORDAN,40,https://jo.linkedin.com/jobs/view/laravel-developer-at-recovery-3368381922?refId=aeIPAb41JjSI%2Fv%2BFlYnLDQ%3D%3D&trackingId=HR2C%2Fji4P%2F8c9lKuhY7aPQ%3D%3D&position=21&pageNum=0&trk=public_jobs_jserp-result_search-card
LinkedIn,Wordpress Developer,Sam and Sons Services,2022-11-22,Amman,JORDAN,60,https://jo.linkedin.com/jobs/view/wordpress-developer-at-sam-and-sons-services-3243359385?refId=aeIPAb41JjSI%2Fv%2BFlYnLDQ%3D%3D&trackingId=1xu5Ad5LNYrh27ArtTYPnw%3D%3D&position=22&pageNum=0&trk=public_jobs_jserp-result_search-card
LinkedIn,"Software Developer, Public Accountability and Justice Strengthening Activity",Tetra Tech,2022-11-22,Amman,JORDAN,60,https://jo.linkedin.com/jobs/view/software-developer-public-accountability-and-justice-strengthening-activity-at-tetra-tech-3366406272?refId=aeIPAb41JjSI%2Fv%2BFlYnLDQ%3D%3D&trackingId=jAV4TO%2B0TUpWaUmZwpvTKg%3D%3D&position=23&pageNum=0&trk=public_jobs_jserp-result_search-card
LinkedIn,Junior Blockchain Developer (Remote Internship),Brainnest,2022-11-22,Amman,JORDAN,20,https://jo.linkedin.com/jobs/view/junior-blockchain-developer-remote-internship-at-brainnest-3363449203?refId=aeIPAb41JjSI%2Fv%2BFlYnLDQ%3D%3D&trackingId=EFOPekR9G5Q7j9Px%2FXJzJw%3D%3D&position=24&pageNum=0&trk=public_jobs_jserp-result_search-card
LinkedIn,Android Developer,Alfanar Construction,2022-11-21,Amman,JORDAN,20,https://jo.linkedin.com/jobs/view/android-developer-at-alfanar-construction-3365160589?refId=aeIPAb41JjSI%2Fv%2BFlYnLDQ%3D%3D&trackingId=cjfsX%2Bh%2F4SjC8ndxeq618g%3D%3D&position=25&pageNum=0&trk=public_jobs_jserp-result_search-card
Bayt,Risk Modelling Officer,Housing Bank for Trade and Finance,2022-11-22,Amman, Jordan,16,https://www.bayt.com/en/JORDAN/jobs/software-developer-jobs/?options%5Bsort%5D%5B%5D=d&jobId=67122863
Bayt,Junior Python Developer (Remote Internship),Brainnest,2022-11-21,Aqaba, Jordan,16,https://www.bayt.com/en/JORDAN/jobs/software-developer-jobs/?options%5Bsort%5D%5B%5D=d&jobId=67113686
Bayt,Junior Python Developer (Remote Internship),Brainnest,2022-11-21,Amman, Jordan,16,https://www.bayt.com/en/JORDAN/jobs/software-developer-jobs/?options%5Bsort%5D%5B%5D=d&jobId=67113867
Bayt,Junior Python Developer (Remote Internship),Brainnest,2022-11-21,Irbid, Jordan,16,https://www.bayt.com/en/JORDAN/jobs/software-developer-jobs/?options%5Bsort%5D%5B%5D=d&jobId=67113916
LinkedIn,Software Engineer - Full Stack,Majid Al Futtaim,2022-11-22,Amman,JORDAN,83,https://jo.linkedin.com/jobs/view/software-engineer-full-stack-at-majid-al-futtaim-3366451098?refId=48aFuRpFpiNwuMuAbyf30A%3D%3D&trackingId=YnwMtTjgIsR%2FFDIgnzOjkQ%3D%3D&position=1&pageNum=0&trk=public_jobs_jserp-result_search-card
LinkedIn,Software Developer,INCUBE FZCO,2022-11-23,Amman,JORDAN,16,https://jo.linkedin.com/jobs/view/software-developer-at-incube-fzco-3368383300?refId=48aFuRpFpiNwuMuAbyf30A%3D%3D&trackingId=pDa1U0kam0RyXJkJVW7SEw%3D%3D&position=2&pageNum=0&trk=public_jobs_jserp-result_search-card
LinkedIn,Junior Python Developer (Remote Internship),Brainnest,2022-11-21,Amman,JORDAN,33,https://jo.linkedin.com/jobs/view/junior-python-developer-remote-internship-at-brainnest-3362841680?refId=48aFuRpFpiNwuMuAbyf30A%3D%3D&trackingId=LuTOUTSyVQkS116KtZ7z1A%3D%3D&position=3&pageNum=0&trk=public_jobs_jserp-result_search-card
LinkedIn,Web Developer,Mafateeh IT & Media Solutions,2022-11-22,Amman,JORDAN,50,https://jo.linkedin.com/jobs/view/web-developer-at-mafateeh-it-media-solutions-3365939320?refId=48aFuRpFpiNwuMuAbyf30A%3D%3D&trackingId=HhSFi2mex%2Fj9pOJNma9C0g%3D%3D&position=4&pageNum=0&trk=public_jobs_jserp-result_search-card
LinkedIn,"GRADUATE SOFTWARE ENGINEER - Dubai, UAE",Cobblestone Energy,2022-11-17,Amman,JORDAN,50,https://jo.linkedin.com/jobs/view/graduate-software-engineer-dubai-uae-at-cobblestone-energy-3365668508?refId=48aFuRpFpiNwuMuAbyf30A%3D%3D&trackingId=3QgAjkbwgdx2viaH3rtcPg%3D%3D&position=5&pageNum=0&trk=public_jobs_jserp-result_search-card
LinkedIn,Intern/Junior Frontend Developer (Remote Frontend Development Internship),Brainnest,2022-11-22,Amman,JORDAN,16,https://jo.linkedin.com/jobs/view/intern-junior-frontend-developer-remote-frontend-development-internship-at-brainnest-3363448058?refId=48aFuRpFpiNwuMuAbyf30A%3D%3D&trackingId=34Ofvw%2Brvw3EMohclefFKA%3D%3D&position=6&pageNum=0&trk=public_jobs_jserp-result_search-card
LinkedIn,Data Engineer,Syarah,2022-11-22,Amman,JORDAN,33,https://jo.linkedin.com/jobs/view/data-engineer-at-%D8%B3%D9%8A%D8%A7%D8%B1%D8%A9-3370797062?refId=48aFuRpFpiNwuMuAbyf30A%3D%3D&trackingId=TISgm%2F0CdoNjl7W4JV6tzA%3D%3D&position=7&pageNum=0&trk=public_jobs_jserp-result_search-card
LinkedIn,Web Developer,DSTeck,2022-11-22,Amman,JORDAN,50,https://jo.linkedin.com/jobs/view/web-developer-at-dsteck-3370283438?refId=48aFuRpFpiNwuMuAbyf30A%3D%3D&trackingId=j3ZKobNIpG8WPv%2FQlZ8xnw%3D%3D&position=8&pageNum=0&trk=public_jobs_jserp-result_search-card
LinkedIn,Senior Software Engineer,Shepherd Technologies,2022-11-22,Amman,JORDAN,16,https://jo.linkedin.com/jobs/view/senior-software-engineer-at-shepherd-technologies-3370336337?refId=48aFuRpFpiNwuMuAbyf30A%3D%3D&trackingId=V9pqT%2FSLRBPoYz02zGvRoQ%3D%3D&position=9&pageNum=0&trk=public_jobs_jserp-result_search-card
LinkedIn,API Developer Expert,Orange Jordan,2022-11-21,Amman,JORDAN,50,https://jo.linkedin.com/jobs/view/api-developer-expert-at-orange-jordan-3364185046?refId=48aFuRpFpiNwuMuAbyf30A%3D%3D&trackingId=1RypQiK8TWicK%2FI0ekDSJg%3D%3D&position=10&pageNum=0&trk=public_jobs_jserp-result_search-card
LinkedIn,JavaScript Engineer,Avertra Corp,2022-11-22,Amman,JORDAN,66,https://jo.linkedin.com/jobs/view/javascript-engineer-at-avertra-corp-3362528292?refId=48aFuRpFpiNwuMuAbyf30A%3D%3D&trackingId=EdUYOXMeGrGRzuBl%2FR1L0A%3D%3D&position=11&pageNum=0&trk=public_jobs_jserp-result_search-card
LinkedIn,"DEVELOPER, FULL STACK - Amman - Jordan",Alfanar Construction,2022-11-21,Amman,JORDAN,66,https://jo.linkedin.com/jobs/view/developer-full-stack-amman-jordan-at-alfanar-construction-3365159728?refId=48aFuRpFpiNwuMuAbyf30A%3D%3D&trackingId=mV73YqvoCSr1XAZTL2I9lw%3D%3D&position=12&pageNum=0&trk=public_jobs_jserp-result_search-card
LinkedIn,Back End Developer,Next Stage Software & Marketing Solution,2022-11-22,Amman,JORDAN,16,https://jo.linkedin.com/jobs/view/back-end-developer-at-next-stage-software-marketing-solution-3370247969?refId=48aFuRpFpiNwuMuAbyf30A%3D%3D&trackingId=e79I%2F2JXfXDsxPlRmxe1zQ%3D%3D&position=13&pageNum=0&trk=public_jobs_jserp-result_search-card
LinkedIn,Back End Developer,Next Stage Software & Marketing Solution,2022-11-22,Amman,JORDAN,16,https://jo.linkedin.com/jobs/view/back-end-developer-at-next-stage-software-marketing-solution-3366701703?refId=48aFuRpFpiNwuMuAbyf30A%3D%3D&trackingId=ttbZ9McVaiePdcHfVC87ow%3D%3D&position=14&pageNum=0&trk=public_jobs_jserp-result_search-card
LinkedIn,Frontend Developer (ReactJS),Publicis Media,2022-11-16,Amman,JORDAN,66,https://jo.linkedin.com/jobs/view/frontend-developer-reactjs-at-publicis-media-3362518873?refId=48aFuRpFpiNwuMuAbyf30A%3D%3D&trackingId=8Va%2BM6oI9FVe%2F9rNQ5wQsA%3D%3D&position=15&pageNum=0&trk=public_jobs_jserp-result_search-card
LinkedIn,SW Engineer in Test,Netcompany-Intrasoft,2022-11-20,Amman,JORDAN,16,https://jo.linkedin.com/jobs/view/sw-engineer-in-test-at-netcompany-intrasoft-3241005382?refId=48aFuRpFpiNwuMuAbyf30A%3D%3D&trackingId=zSCTTl0FBW%2BZnZhPPysUqw%3D%3D&position=16&pageNum=0&trk=public_jobs_jserp-result_search-card
LinkedIn,DevOps Engineer,SGP Technology,2022-11-17,Amman,JORDAN,16,https://jo.linkedin.com/jobs/view/devops-engineer-at-sgp-technology-3358838091?refId=48aFuRpFpiNwuMuAbyf30A%3D%3D&trackingId=XNSbkb4fC%2BR6oIqqgHN7Sw%3D%3D&position=17&pageNum=0&trk=public_jobs_jserp-result_search-card
LinkedIn,Lead Software Engineer,Vytalize Health,2022-11-18,Amman,JORDAN,16,https://jo.linkedin.com/jobs/view/lead-software-engineer-at-vytalize-health-3360950562?refId=48aFuRpFpiNwuMuAbyf30A%3D%3D&trackingId=eLW2t90bsuZIqxt9sx2Zjg%3D%3D&position=18&pageNum=0&trk=public_jobs_jserp-result_search-card
LinkedIn,"Software Engineer, Totogi (Remote) - $60,000/year USD",Crossover,2022-11-23,Amman,JORDAN,16,https://jo.linkedin.com/jobs/view/software-engineer-totogi-remote-%2460-000-year-usd-at-crossover-3367088267?refId=48aFuRpFpiNwuMuAbyf30A%3D%3D&trackingId=tpzHkVwpa1Ob6fwOD638ww%3D%3D&position=19&pageNum=0&trk=public_jobs_jserp-result_search-card
LinkedIn,"Sr. Engineer, IT Datacenter & Cloud",Hikma Pharmaceuticals,2022-11-22,Amman,JORDAN,16,https://jo.linkedin.com/jobs/view/sr-engineer-it-datacenter-cloud-at-hikma-pharmaceuticals-3365618384?refId=48aFuRpFpiNwuMuAbyf30A%3D%3D&trackingId=vEniSgheJGg8PwGgOUAJaw%3D%3D&position=20&pageNum=0&trk=public_jobs_jserp-result_search-card
LinkedIn,Laravel Developer,Recovery,2022-11-23,Amman,JORDAN,33,https://jo.linkedin.com/jobs/view/laravel-developer-at-recovery-3368381922?refId=48aFuRpFpiNwuMuAbyf30A%3D%3D&trackingId=INHqmUgHltIbXblJoZOetQ%3D%3D&position=21&pageNum=0&trk=public_jobs_jserp-result_search-card
LinkedIn,Wordpress Developer,Sam and Sons Services,2022-11-22,Amman,JORDAN,50,https://jo.linkedin.com/jobs/view/wordpress-developer-at-sam-and-sons-services-3243359385?refId=48aFuRpFpiNwuMuAbyf30A%3D%3D&trackingId=D%2BDBvFdv1Y%2FLNriyVYGCNg%3D%3D&position=22&pageNum=0&trk=public_jobs_jserp-result_search-card
LinkedIn,"Software Developer, Public Accountability and Justice Strengthening Activity",Tetra Tech,2022-11-22,Amman,JORDAN,50,https://jo.linkedin.com/jobs/view/software-developer-public-accountability-and-justice-strengthening-activity-at-tetra-tech-3366406272?refId=48aFuRpFpiNwuMuAbyf30A%3D%3D&trackingId=EppnilPR9YeCwniBzyO8%2FA%3D%3D&position=23&pageNum=0&trk=public_jobs_jserp-result_search-card
LinkedIn,Android Developer,Alfanar Construction,2022-11-21,Amman,JORDAN,16,https://jo.linkedin.com/jobs/view/android-developer-at-alfanar-construction-3365160589?refId=48aFuRpFpiNwuMuAbyf30A%3D%3D&trackingId=brlY%2Fg9PqFq4la6XRzZlug%3D%3D&position=24&pageNum=0&trk=public_jobs_jserp-result_search-card
LinkedIn,Junior Blockchain Developer (Remote Internship),Brainnest,2022-11-22,Amman,JORDAN,16,https://jo.linkedin.com/jobs/view/junior-blockchain-developer-remote-internship-at-brainnest-3363449203?refId=48aFuRpFpiNwuMuAbyf30A%3D%3D&trackingId=kB2dB%2FkzE6GQBWyu%2F5XLfQ%3D%3D&position=25&pageNum=0&trk=public_jobs_jserp-result_search-card
